TDLinx,Chain,Cluster,ACV,Currentpop,CurrentHouseholds,MedianHHincome,MedianYrsSchool,College_4YrsPctPen,College_Less_4YrsPctPen,HighSchoolGradPctPen,HighSchoolNoDiplomaPctPen,_to8YrsElemSchoolPctPen,WhiteCollarPctPen,AllServicePctPen,BlueCollarPctPen,Farm_Forest_FishPctPen,MedianHomeValue,MedianAgeTotalPop,WhitePopPctPen,BlackPopPctPen,Asian_PacificIslanderPopPctPen,PopOtherThanBlack_WhitePctPen,HispanicAncestryPctPen,Address,CityState,Zip,Groc_Count,Groc_Miles,Mass_Count,Mass_Miles,CSD_Volume_Sales,CSD_Volume_per__MM_ACV,CSD_Price,Corp_Pep_Volume_Sales,Corp_Pep_Volume_per__MM_ACV,Corp_Pep_Price,Corp_Coke_Volume_Sales,Corp_Coke_Volume_per__MM_ACV,Corp_Coke_Price,ZIP5,PRIZM_CODE,Prizm_Cluster,C1,C2,C3,S2,S3,S4,T1,T2,T3,T4,U1,U2,U3,lpepvol,lcokvol,lpeppri,lcokpri
16041,TOPS,Rural America,4160000,3768,1441,37958,12.7,12.87,24.97,39.12,16.43,6.61,47.9,19.87,29.69,2.6,114093,38,98.65,0.16,0.4,0.74,0.45,MAIN ST/HWY 9,CHESTERTOWN NY,12817,0,10,0,10,45492.14844,9995.964844,4.882426655,23385.69922,1.1618065343,-2.333787438,8387.250977,1.1271590347,-0.390033914,12817,38,T3,0,0,0,0,0,0,0,0,1,0,0,0,0,8.5482106532,7.4901982372,1.586993422,1.7567411121
16044,TOPS,Rural America,5200000,25599,9033,48715,12.9,15.01,22.84,37.02,14.55,10.59,51.77,16.02,30.39,1.82,116344,35.9,97.56,0.61,0.48,0.85,0.98,100 MAIN ST & MALLERY ST,CORINTH NY,12822,0,10,1,0.0167945418,70754.57813,11680.7793,4.640057964,37608.22656,1.7596747653,-2.580299857,11453.68652,1.3979194285,-0.363772943,12822,43,T3,0,0,0,0,0,0,0,0,1,0,0,0,0,8.7322872448,7.5443859727,1.5707848842,1.7580735921
361576,TOPS,Rural America,2080000,3034,1287,32932,12.7,16.13,22.11,38.59,14.13,9.04,48.93,19.08,30.64,1.35,88851,44.7,97.46,0.53,0.23,0.89,1.12,MAIN ST & HWY 28,INDIAN LAKE NY,12842,1,4.2270228917,0,10,20626.21094,7664.824219,5.10246103,9514.524414,0.2506265924,-0.56349587,4353.47168,0.6360725548,0.202859199,12842,38,T3,0,0,0,0,0,0,0,0,1,0,0,0,0,8.1800093246,7.3837331531,1.6962611069,1.786400307
16063,TOPS,Rural America,3640000,2595,872,33865,12.6,13.74,22.53,35.94,15.95,11.85,40.58,25.85,29.56,4.01,94219,32.7,97.3,0.42,0.73,1.31,0.96,4669 MAIN ST,NORTH CREEK NY,12853,0,10,0,10,41825.42578,9023.371094,4.755333763,21625.60547,0.8773845832,-2.248194746,7172.273926,0.4896205904,-0.474098255,12853,38,T3,0,0,0,0,0,0,0,0,1,0,0,0,0,8.4471208452,7.3496573124,1.5925603733,1.7524637148
16101,TOPS,Rural America,3640000,2612,1019,33816,12.7,13.03,24.01,38.9,14.54,9.52,50,21.14,26.95,1.9,106483,38.1,97.82,0.69,0.38,0.8,0.69,MAIN ST,SCHROON LAKE NY,12870,0,10,0,10,36848.70703,10214.23926,5.220276025,18084.78125,1.1740023201,-0.136110155,8600.90918,2.3144561161,0.6658977163,12870,55,T4,0,0,0,0,0,0,0,0,0,1,0,0,0,8.5523249334,7.7086681491,1.7209433761,1.8089669048
16110,TOPS,Rural America,6500000,9379,3617,35438,12.6,14.34,21.88,34.53,17.52,11.73,49.56,15.94,32.61,1.91,104939,38.2,97.88,0.34,0.61,1.12,0.67,3836 MAIN ST,WARRENSBURG NY,12885,1,2.6967286461,1,0.0120529463,73649.65625,10105.75684,4.653999997,36505.66406,1.0720161239,-2.781821384,13651.70313,1.3208341064,-0.101369155,12885,56,T4,0,0,0,0,0,0,0,0,0,1,0,0,0,8.5173870202,7.5292553992,1.5573365696,1.771291336
16112,TOPS,Rural America,2600000,23275,7580,35392,12.5,9.47,24.06,37.1,17.69,11.68,42.56,17.99,34.87,4.6,88609,34.1,87.19,7.42,0.42,0.82,4.57,180 BROADWAY & KIRTLAND ST,WHITEHALL NY,12887,0,10,1,0.3644800285,41057.32031,11995.95117,4.602716819,21663.10742,1.8325814612,-2.650389301,7117.407715,1.9098372521,-0.609931058,12887,43,T3,0,0,0,0,0,0,0,0,1,0,0,0,0,8.7525821638,7.6394458054,1.5661280276,1.7455133119
16124,TOPS,Rural America,2080000,5401,2126,32662,12.6,12.37,20.59,39.13,15.94,11.97,43.25,25.55,27.67,3.52,70396,37,98.5,0.17,0.31,0.67,0.67,24 MAIN ST,AU SABLE FORKS NY,12912,0,10,0,10,36008.00781,12019.33106,4.946343315,23483.31445,2.6919151012,-1.124124585,3999.097168,-0.098831884,0.131227199,12912,43,T3,0,0,0,0,0,0,0,0,1,0,0,0,0,8.9651097783,7.1996733315,1.6629316348,1.7828633209
16125,TOPS,Rural America,5200000,17964,6666,34845,12.5,13.21,17.81,38.54,17.09,13.35,47.27,13.71,32.15,6.87,81741,35.1,94.75,2.17,0.46,1.2,1.89,HWY 9 & HWY 11,CHAMPLAIN NY,12919,0,10,1,0.050660395,97274.45313,9854.973633,5.022206338,60112.61328,1.6902318554,-0.99867466,13138.79883,-0.129172829,0.6793555774,12919,45,T3,0,0,0,0,0,0,0,0,1,0,0,0,0,8.7125658482,7.1912950251,1.6704867208,1.8096152304
16129,TOPS,Rural America,3640000,5765,2236,32832,12.7,17.17,20.73,36.09,16.69,9.34,48.69,19.91,27.86,3.58,77925,40.2,96.88,1.04,0.56,0.95,1.14,276 COURT ST/ US HWY 9,ELIZABETHTOWN NY,12932,0,10,0,10,40693.83203,9211.733398,5.163598868,22972.8418,1.1819028209,-0.53121858,6747.547852,0.3894786964,0.2234596341,12932,43,T3,0,0,0,0,0,0,0,0,1,0,0,0,0,8.5549811818,7.3256697518,1.6981465931,1.7874151865
16130,TOPS,Rural America,3120000,5060,1942,35871,12.7,13.54,22.67,35.98,17.36,10.44,49.1,21.26,26.04,3.65,73960,37.6,97.69,0.53,0.36,0.75,1.03,1716 FRONT ST,KEESEVILLE NY,12944,1,1.2939844837,0,10,50799.69531,13950.82813,4.924361782,34330.67188,3.5973301417,-1.205026621,4670.319336,-0.239695582,-0.183213891,12944,45,T3,0,0,0,0,0,0,0,0,1,0,0,0,0,9.1488711981,7.1601677505,1.6580289473,1.7671873884
16132,TOPS,Rural America,5200000,5840,2635,30836,13.7,27.05,28.08,24.45,15.83,4.59,59.24,20.54,17.72,2.51,125328,37.5,98.34,0.26,0.41,1.04,0.36,102 SARA0C AVE,LAKE PLACID NY,12946,2,0.5459704323,0,10,40071.70313,7176.582031,5.187719358,16517.53711,-0.098866107,-0.89972401,9153.350586,0.7933758229,0.2977746925,12946,48,T4,0,0,0,0,0,0,0,0,0,1,0,0,0,7.9927932676,7.4190849505,1.676405909,1.7910677782
16141,TOPS,Small Town Living,2600000,12833,4679,46467,13,15.9,24.26,39.04,12.81,7.99,51.22,18.73,26.98,3.07,92680,34.2,97.37,0.78,0.71,1.08,0.77,50 S MAIN ST,PERU NY,12972,1,4.1586660491,0,10,46928.28516,12634.12109,5.06942866,30495.16992,2.9060842083,-0.848605489,5268.782715,0.11450191,0.3473282169,12972,51,T3,0,0,0,0,0,0,0,0,1,0,0,0,0,9.0117237612,7.2566806926,1.6794501278,1.7934959453
16142,TOPS,Rural America,3120000,9351,3508,36766,12.6,13.81,18.12,42.78,14.63,10.67,42.43,13.02,31.37,13.19,86864,36.3,96.4,1.06,0.6,1.11,1.43,1 S MAIN ST,PORT HENRY NY,12974,0,10,0,10,52891.62109,12965.15332,5.254841655,35446.90234,3.1938618419,-0.388409827,6573.197266,0.5749162472,0.5334310375,12974,58,T4,0,0,0,0,0,0,0,0,0,1,0,0,0,9.0711217439,7.3696444864,1.7064464047,1.8025628589
16145,TOPS,Rural America,3640000,7202,2553,35840,13.2,20.06,31.06,31.37,9.73,7.78,58.27,20.93,19.39,1.41,84399,35.3,85.35,6.72,0.69,1.22,6.72,54 CHURCH ST,SARA0C LAKE NY,12983,1,1.1356469254,2,0.9012558442,43364.41797,8977.824219,5.037759302,22539.24219,0.8795595313,-0.766939573,7815.290039,0.6532782884,-0.214260389,12983,48,T4,0,0,0,0,0,0,0,0,0,1,0,0,0,8.4479339619,7.3876613462,1.6842943629,1.7656262044
16149,TOPS,Small Town Living,3640000,2370,1060,35963,13.3,24.68,27.58,30.61,8.84,8.35,61.16,19.16,18.65,1.11,84619,40.5,97.34,0.8,0.63,1.18,0.68,211 LAKE FLOWER AVE,SARA0C LAKE NY,12983,1,1.1356469254,2,0.8953577111,36109.92969,8374.320313,5.219694808,18483.58984,0.6575896248,-0.388581123,7734.092285,1.1286605347,-0.243891155,12983,48,T4,0,0,0,0,0,0,0,0,0,1,0,0,0,8.3613396138,7.490506978,1.7064364905,1.7641339343
16153,TOPS,Rural America,4680000,6795,2572,34000,12.5,12.56,19.43,31.7,15.38,20.94,45.03,27.72,25.08,2.17,74565,38.5,90.63,3.02,0.19,0.53,5.83,94 DEMARS BLVD,TUPPER LAKE NY,12986,1,0.9245151786,2,0.0705503408,62200.51172,9004.011719,5.090181194,34673.69141,1.0813900221,-1.072202522,11862.48926,0.9415756134,0.2186472006,12986,45,T3,0,0,0,0,0,0,0,0,1,0,0,0,0,8.5206497108,7.4512849971,1.6660655111,1.7871781944
16156,TOPS,Rural America,1560000,3565,1407,36734,12.6,14.64,20.47,38.42,15.38,11.08,44.89,12.12,34.22,8.77,91157,39.6,98.54,0.28,0.22,0.73,0.45,3 S MAIN ST,WILLSBORO NY,12996,0,10,0,10,26197.05078,11260.19141,5.065610767,14988.84863,1.9123661572,-0.713336313,4285.168945,1.1584332364,-0.032347736,12996,38,T3,0,0,0,0,0,0,0,0,1,0,0,0,0,8.774329647,7.4966092857,1.6874612765,1.7747392401
16166,TOPS,Small Town Living,15600000,49854,19582,37419,12.8,14.81,26.07,33.86,17.2,8.06,51.33,17.15,28.16,3.36,72783,37,95.08,2.51,0.8,1.21,1.2,352 GENESEE ST,AUBURN NY,13021,8,1.9893644126,5,2.7144735223,147322.2031,7838.659668,5.421717556,91984.45313,1.0062543265,-0.001091059,17165.85352,-1.261258261,1.6215375443,13021,41,C2,0,1,0,0,0,0,0,0,0,0,0,0,0,8.4941936077,6.8145256117,1.7286160097,1.8539903529
16167,WEGMANS,Small Town Living,31200000,85254,32014,41585,13,16.48,26.28,33.44,16.6,7.2,51.88,15.4,29.1,3.63,82417,37.2,94.84,2.7,0.65,1.08,1.38,40-62 GENESEE ST,AUBURN NY,13021,8,1.3385698768,5,1.7376987676,229587.4844,6015.031738,5.510697822,82010.53125,-0.574121982,1.8796318899,55596.81641,0.2542142061,-0.419421238,13021,41,C2,0,1,0,0,0,0,0,0,0,0,0,0,0,7.6643232602,7.29232762,1.8297867468,1.755247893
935762,WEGMANS,Affluent Elite,28600000,39693,14247,54686,13.2,17.94,29.7,36.84,11.85,3.66,61.86,10.81,26.69,0.63,95411,35.3,95.45,1.81,1.06,1.73,1,7954 BREWERTON RD,CICERO NY,13039,9,2.2826327927,10,2.6418247438,229053.5469,5654.089355,5.250089516,75705.625,-0.727647253,1.1670626852,61065.65234,0.3665550701,-1.512544309,13039,20,T1,0,0,0,0,0,0,1,0,0,0,0,0,0,7.5300941944,7.3200968367,1.7926492399,1.6980584065
560424,TOPS,Small Town Living,26000000,65012,23104,38054,13.1,19.07,25.26,33.84,15.18,6.65,53.17,14.42,28.17,4.24,89471,34.6,94.91,2.35,0.54,1.03,1.71,3918 ST HWY 281 & ST HWY 222,CORTLANDVILLE NY,13045,7,1.3351529751,6,1.1446987552,195059.0469,6423.378906,5.251265983,104193.9219,0.1709928486,-0.463319924,35054.17578,-0.610717548,0.8393163865,13045,53,C3,0,0,1,0,0,0,0,0,0,0,0,0,0,8.1403294197,7.0479652784,1.7021013434,1.8172892425
16245,WEGMANS,Inner City,26000000,65608,26884,42479,13.5,25.4,25.02,30.75,12.96,5.87,65.54,13.05,20.19,1.22,91713,36.6,79.98,13.26,2.07,4.42,2.34,4256 JAMES ST,EAST SYRACUSE NY,13057,47,3.099678854,18,2.86508918,214626.4375,6134.765625,5.310002874,75673.96875,-0.562114817,1.3242061534,49626.64453,0.1178974379,-1.342040402,13057,28,T2,0,0,0,0,0,0,0,1,0,0,0,0,0,7.6740992586,7.2575622832,1.800958564,1.7071968723
576565,WEGMANS,Small Town Living,29900000,36555,14218,72152,15.2,47.76,24.41,19.98,5.65,2.21,79.85,7.87,11.78,0.5,144000,41.3,92.15,2.75,3.41,3.9,1.2,6789 E GENESSE ST,FAYETTEVILLE NY,13066,32,3.5761553138,9,2.8833283278,336217.5,3695.514648,5.417608765,86116.32813,-1.254765883,1.395415053,113192.2344,-0.354693987,-1.16261215,13066,09,T1,0,0,0,0,0,0,1,0,0,0,0,0,0,6.8503983304,7.1267173465,1.804701286,1.7167243161
16267,TOPS,Small Town Living,15600000,46238,16743,38504,12.6,10.6,19.78,43.89,18.31,7.42,45.88,12.2,39.49,2.43,73666,34.9,97.42,0.47,0.35,0.95,1.15,12 W 1ST ST,FULTON NY,13069,5,1.1690454977,2,1.2564045191,176561.5781,7970.744141,5.458761599,105547.2578,0.934821028,0.1951280653,28023.70117,-0.301893888,1.4422255255,13069,48,T4,0,0,0,0,0,0,0,0,0,1,0,0,0,8.4683750385,7.1422147392,1.7396625085,1.8456954014
16317,WEGMANS,Mid Down Suburbs,39000000,35563,14268,47401,13.3,20.26,29.07,34.54,11.6,4.52,67.36,10.48,21.82,0.34,91400,37.6,91.94,3.4,2.53,3.17,1.49,4979 W TAFT RD,LIVERPOOL NY,13088,26,3.4126522196,19,3.2510224967,235388.2188,5250.844238,5.274885385,75059.375,-0.84036858,1.4894964469,62339.38672,0.051052409,-1.235813427,13088,39,S3,0,0,0,0,1,0,0,0,0,0,0,0,0,7.4186326594,7.2400625341,1.809624798,1.7128483641
16321,WEGMANS,Mid Down Suburbs,26000000,31958,12266,54267,13.7,25.46,28.85,33.64,9.7,2.36,69.34,9.52,20.7,0.46,96887,36.7,93.89,2.62,1.71,2.22,1.27,7518 OSWEGO RD,LIVERPOOL NY,13090,15,3.5743767573,10,2.9950013744,189088.9531,5578.04834,5.228077096,62303.30078,-0.747902264,0.959032801,52804.89844,0.508392139,-1.462501661,13090,12,C1,1,0,0,0,0,0,0,0,0,0,0,0,0,7.5109595215,7.3540904272,1.7815418918,1.7007492021
370810,WEGMANS,Small Town Living,42900000,63822,23007,50801,13.3,19.69,26.22,36.43,13.52,4.13,60.48,9.79,28.96,0.77,96858,35.3,96.15,1.3,0.99,1.69,0.86,3955 ST HWY 31,LIVERPOOL NY,13090,5,2.7979692157,6,2.6762513862,235369.9063,5444.370605,5.317745989,78788.36719,-0.758102129,1.0492091837,69279.60156,0.6328679895,-1.384753865,13090,12,C1,1,0,0,0,0,0,0,0,0,0,0,0,0,7.5011834175,7.38299982,1.7863718391,1.7049153948
361215,TOPS,Small Town Living,10400000,39573,13987,37273,12.9,18.9,21.96,36.07,15.96,7.11,52.59,17.79,28.42,1.21,77707,32.7,95.48,1.03,0.93,1.42,2.07,293 F ST RTE 104/AMES PLAZA,OSWEGO NY,13126,5,0.9580586342,3,1.0943682552,123056.0469,7877.649902,5.561911766,69267.54688,0.7455411592,0.5602719008,22516.21094,0.1732914262,1.1088718928,13126,53,C3,0,0,1,0,0,0,0,0,0,0,0,0,0,8.3965531241,7.2718356933,1.7598996389,1.8300892236
16458,WEGMANS,Inner City,11700000,40999,19603,26505,12.7,15.15,22.06,30.86,18.86,13.07,58.31,16.25,24.72,0.72,75475,37.1,74.99,12.58,5.94,7.82,4.61,700 1ST NORTH ST,SYRACUSE NY,13208,58,2.7788752514,25,2.9816798185,104292.875,7174.673828,5.046056598,37440.32422,-0.321092409,0.9589746236,19012.5957,-0.178766703,-1.612624963,13208,61,U3,0,0,0,0,0,0,0,0,0,0,0,0,1,7.8524794267,7.1774472723,1.7815387682,1.6926552475
16515,WEGMANS,Mid Down Suburbs,28600000,55433,21699,34047,13,19,23.99,29.16,17.65,10.2,59.88,17.93,21.37,0.81,84787,36.2,60.79,29.89,0.95,2.73,6.59,4722 ONONDAGA BLVD,SYRACUSE NY,13219,48,3.0499188314,20,3.2190055461,207811.8594,5412.859375,5.279167552,67560.98438,-0.792215574,1.326781626,51928.08203,-0.055857996,-1.487788269,13219,39,S3,0,0,0,0,1,0,0,0,0,0,0,0,0,7.467775003,7.2114212304,1.8010941746,1.6993904449
179083,WEGMANS,Mid Down Suburbs,40300000,45782,18109,46108,13.4,22.4,27.62,32.61,12.35,5.02,67.84,11.28,19.84,1.04,96012,39.4,95.88,1.07,1.04,1.8,1.25,3325 W GENESEE ST,SYRACUSE NY,13219,34,3.5942836642,13,2.5688431868,259851.0313,5143.959473,5.35673841,83267.13281,-0.855533775,1.3508860579,71619.94531,0.124393765,-1.395342398,13219,39,S3,0,0,0,0,1,0,0,0,0,0,0,0,0,7.4026421258,7.2592467804,1.8023624946,1.7043490177
348240,TOPS,Rural America,5200000,24421,7817,39529,13.1,18.42,23.4,36.66,15.72,5.8,49.18,16.28,25.8,8.73,73027,30.4,94.69,2.42,1.09,1.44,1.45,100 UTICA ST,HAMILTON NY,13346,2,0.1711359254,1,0.5228299044,85884.91406,7717.837891,5.121191522,39805.60938,0.2571434556,-0.929396012,20451.00781,1.2351416089,0.1768495987,13346,28,T2,0,0,0,0,0,0,0,1,0,0,0,0,0,8.1831879094,7.5121622275,1.6746346167,1.7851174724
940785,TOPS,Mid Down Suburbs,15600000,52523,19875,47712,13.7,27.11,27.22,28.96,10.65,6.06,67.93,11.66,17.79,2.62,122710,38,93.43,2.68,1.67,1.97,1.93,50 KELLOGG RD,NEW HARTFORD NY,13413,15,2.8627225581,10,2.3680778281,128969.6172,5508.610352,5.085895049,55765.23047,-0.432145137,-1.056337775,27905.53906,-0.516657569,0.2729065597,13413,28,T2,0,0,0,0,0,0,0,1,0,0,0,0,0,7.7742189518,7.0776234128,1.6670211091,1.7898469919
173880,TOPS,Small Town Living,5200000,44342,16765,38200,12.7,13.11,23.79,39.25,16.52,7.34,48.14,14.51,33.35,4,79081,36,94.13,2.68,0.55,1.41,1.79,142 GENESEE ST,ONEIDA NY,13421,6,1.7477072525,4,0.9445202984,100975.5469,8710.662109,5.160524787,59902.21094,1.1604014718,-0.786945303,14408.48633,-0.408346119,0.4293952067,13421,48,T4,0,0,0,0,0,0,0,0,0,1,0,0,0,8.5477355624,7.110719939,1.6831098372,1.7975043786
968552,TOPS,Inner City,10400000,66165,27551,31384,12.6,12.44,25.41,30.78,16.89,14.48,56.87,17.49,24.92,0.72,94316,36.8,82.21,10.5,2.24,2.68,4.62,1122 MOHAWK ST,UTICA NY,13501,15,2.8564730615,12,2.8974599842,148790.0156,11304.86523,3.934850719,49329.375,0.3498604961,-1.074568953,14405.07129,-0.768580437,-0.212652725,13501,60,C3,0,0,1,0,0,0,0,0,0,0,0,0,0,8.2273490177,6.9961230258,1.6659228931,1.7657071062
420719,WEGMANS,Inner City,53300000,80151,31162,42397,13.4,22.83,25.97,31.14,12.68,7.39,63.6,13.45,21.88,1.07,104911,38.2,90.79,2.42,4.44,4.78,2.01,650 HARRY L DR,JOHNSON CITY NY,13790,19,2.968304028,13,2.9736828356,310030.375,4563.242188,4.783861904,83024.55469,-1.096252738,-1.678404194,90297.59375,-0.124785693,-2.264174638,13790,60,C3,0,0,1,0,0,0,0,0,0,0,0,0,0,7.1071162019,7.1925108324,1.6288500961,1.656747102
934412,TOPS,Rural America,10400000,27000,10729,32765,12.8,14.11,23.92,37.04,16.76,8.17,52.8,12.15,29.66,5.39,71641,37.6,97.46,0.76,0.46,0.9,0.89,54 E MAIN ST,NORWICH NY,13815,2,0.568054768,4,0.9818821439,147949.875,8502.515625,5.118818113,82946.60938,0.9377036886,-0.812122259,24581.01367,0.0887141962,0.8145069566,13815,48,T4,0,0,0,0,0,0,0,0,0,1,0,0,0,8.469429946,7.2499598685,1.68161713,1.8161028786
924113,TOPS,Small Town Living,10400000,31783,11794,39643,13,16.95,23.01,40.72,12.96,6.36,54.05,10.58,30.99,4.38,86113,36.2,97.34,0.68,0.64,1.07,0.91,42 W MAIN ST,OWEGO NY,13827,5,1.0437532492,1,0.0050777411,101351.5234,7185.359863,5.248581072,53708.89453,0.3859843528,0.1143004676,15506.72266,-0.763667831,0.7138567055,13827,42,T3,0,0,0,0,0,0,0,0,1,0,0,0,0,8.2440403431,6.9977775095,1.7351269477,1.8112753871
994554,TOPS,Small Town Living,20800000,30558,11311,51717,12.8,13.84,27.37,38.25,14.32,6.22,50.5,13.9,32.83,2.77,100715,38,98.5,0.36,0.27,0.64,0.5,12775 BROADWAY ST,ALDEN NY,14004,0,10,2,0.9800936699,173409.125,6640.211914,5.098884646,79524.84375,-0.049479295,-0.82570345,22831.85352,-1.373627968,-0.63384092,14004,28,T2,0,0,0,0,0,0,0,1,0,0,0,0,0,8.0214720751,6.7680441166,1.6808109937,1.7442848568
559810,TOPS,Rural America,15600000,27701,9655,35459,12.7,10.74,20.24,43.75,17.57,7.7,39.98,14.19,37.38,8.45,66164,33.9,98.12,0.32,0.46,0.87,0.69,658 W MAIN ST,ARCADE NY,14009,2,0.9408949396,3,0.808503942,174836.7969,8068.276855,4.995638522,93549.28125,0.6812513592,-1.203087497,21976.59961,-0.99249948,0.0072265143,14009,45,T3,0,0,0,0,0,0,0,0,1,0,0,0,0,8.3709357409,6.9176482597,1.6581467403,1.7767107879
17145,TOPS,Small Town Living,36400000,43615,15523,38125,12.7,13.28,24.8,35.18,17.9,8.83,48.39,15.25,32.41,3.95,75637,36.4,90.2,5.44,0.67,1.29,3.07,390 W MAIN ST,BATAVIA NY,14020,3,1.4874719478,6,0.8433564674,315347.3125,7975.665527,5.153725149,177128.2344,0.7750763178,-1.318223584,42956.91797,-0.808992926,1.2129865755,14020,41,C2,0,1,0,0,0,0,0,0,0,0,0,0,0,8.4081054692,6.9824078855,1.6511285814,1.8349896293
17176,WEGMANS,Mid Down Suburbs,23400000,39411,16131,44025,12.8,13.54,24.12,39,16.01,7.33,58.25,13.45,27.97,0.33,91985,40.9,96.59,1.48,0.84,1.06,0.87,651 DICK RD,DEPEW NY,14043,36,3.3588749341,21,2.7064442146,165867.7656,6237.373535,5.035114097,38203.61719,-0.979501273,-0.274579875,33630.16797,-0.267190012,0.5103525248,14043,27,C2,0,1,0,0,0,0,0,0,0,0,0,0,0,7.2613493834,7.1522714371,1.7130130299,1.8014429308
460003,TOPS,Affluent Elite,41600000,45149,17220,51146,12.9,16.01,26.26,37.03,13.49,7.21,57.23,14.03,28.18,0.56,101012,38.1,97.69,0.83,0.49,0.7,0.77,4777 TRANSIT RD,LANCASTER NY,14043,21,3.5639068403,16,2.7683477018,338941.4688,7312.40625,5.328545756,161481.9688,0.1967599361,-0.19240041,40194.375,-1.386546525,-0.833426908,14043,27,C2,0,1,0,0,0,0,0,0,0,0,0,0,0,8.1533417488,6.7625592289,1.7177271406,1.7339711047
542698,WEGMANS,Affluent Elite,37700000,75533,28030,56769,13,18.01,28.04,35.24,12.46,6.25,58.44,13.09,27.57,0.9,110531,38.5,97.79,0.71,0.56,0.77,0.73,4960 TRANSIT RD,DEPEW NY,14043,12,3.6266560304,14,3.2200237629,221900.0469,5350.635742,5.170871485,54681.32031,-1.051289198,-0.200995534,48317.88672,-0.525482562,0.6351502613,14043,27,C2,0,1,0,0,0,0,0,0,0,0,0,0,0,7.169362139,7.0748778898,1.7172351325,1.8074840828
966741,TOPS,Mid Down Suburbs,15600000,14822,5798,53700,13.2,19.78,26.8,34.98,12.49,5.95,62.39,13.4,23.86,0.35,110942,40.9,96.44,1.3,1.27,1.46,0.82,6363 TRANSIT RD,LANCASTER NY,14043,21,3.2721596552,17,2.9398563469,179657.4375,7807.676758,5.346654866,89576.73438,0.4343843727,0.1187256451,27438.17969,-0.517106794,-0.328199256,14043,27,C2,0,1,0,0,0,0,0,0,0,0,0,0,0,8.2659760101,7.0774838374,1.7353757952,1.7598757717
17179,TOPS,Small Town Living,20800000,26166,9508,48203,12.8,14.62,25.14,39.97,13.64,6.64,50.5,14.99,32.42,2.09,81350,36,96.93,0.47,0.37,1.29,1.31,6914 ERIE RD,DERBY NY,14047,1,4.9078739767,1,0.2186641265,204543.4688,8217.769531,5.293354056,103283.1563,0.5824018382,-0.042750141,24309.45313,-1.081160662,-0.796712053,14047,09,T1,0,0,0,0,0,0,1,0,0,0,0,0,0,8.3302208756,6.8847903449,1.7262549524,1.7358763732
261423,TOPS,Small Town Living,26000000,52755,19458,33113,12.8,14.88,21.63,37.92,15.73,9.85,45.53,18.59,31.82,4.06,65039,36,88.23,3.33,0.47,1.07,7.37,3956 VINEYARD DR,DUNKIRK NY,14048,4,1.3824854849,6,0.8958778952,217363.0156,6223.254395,5.00587288,126947.4766,0.2849881701,-1.689444164,27624.21484,-1.588555923,-0.179936573,14048,62,C3,0,0,1,0,0,0,0,0,0,0,0,0,0,8.1966564329,6.6726305251,1.6281593317,1.7673520474
790289,TOPS,Affluent Elite,20800000,44561,16352,71783,14.1,30.92,27.19,28.14,9.37,4.39,66.29,10.64,21.96,1.11,148777,37.3,94.21,1.8,2.69,3.01,0.97,9660 TRANSIT RD,EAST AMHERST NY,14051,9,3.8844822928,6,3.0428337605,184425.5469,6201.171387,5.26609222,81306.24219,-0.228482771,-0.77059641,35015.66406,-0.557199688,-0.770841404,14051,05,T1,0,0,0,0,0,0,1,0,0,0,0,0,0,7.9133627688,7.0649477493,1.6840779488,1.7372167193
994711,TOPS,Small Town Living,31200000,35351,13120,62321,13.6,26.07,27.92,30.81,10.76,4.44,61.71,10.69,25.91,1.69,125980,39.7,98.46,0.24,0.53,0.7,0.6,65 GREY ST,EAST AURORA NY,14052,1,0.0408513462,3,0.4096871396,243387.6563,5891.787109,5.42185364,108360.8047,-0.293278361,-0.014742611,40059.04688,-1.103886202,-0.642179283,14052,09,T1,0,0,0,0,0,0,1,0,0,0,0,0,0,7.8711574975,6.8761914802,1.7278429125,1.7438560884
994695,TOPS,Small Town Living,20800000,15181,5645,63999,14.1,31.1,29.69,29.29,7.75,2.16,68.19,8.28,23.22,0.31,122577,38.3,95.43,1.84,1.21,1.53,1.21,2140 GRAND ISLAND BLVD,GRAND ISLAND NY,14072,2,4.4045875028,8,3.9667824969,186025.4375,6643.703125,5.369762603,85890.64844,-0.036455791,-0.241179943,28320.91211,-0.984780141,-0.413012243,14072,09,T1,0,0,0,0,0,0,1,0,0,0,0,0,0,8.0288997246,6.9204586119,1.7149316519,1.7555737349
261436,TOPS,Mid Down Suburbs,15600000,34135,13531,44838,12.9,14.5,26.66,35.65,14.8,8.39,57.1,14.69,27.44,0.77,93441,39.1,96.15,0.83,0.54,0.89,2.13,4250 MCKINLEY PKWY,HAMBURG NY,14075,16,3.5414092034,10,3.097713234,198540.4844,8757.21582,5.426852883,105007.6953,0.8575549141,-0.057073627,21023.28125,-1.2182242,-0.672856952,14075,21,S3,0,0,0,0,1,0,0,0,0,0,0,0,0,8.4396767578,6.8317696533,1.7254418694,1.742277022
473090,TOPS,Small Town Living,46800000,48061,17934,58070,13.4,23.16,27.38,32.69,11.86,4.91,62.33,10.69,25.22,1.76,107874,38.8,97.84,0.38,0.52,0.76,1.01,6150 S PARK AVE,HAMBURG NY,14075,7,2.7120438475,5,1.8578714878,395905.5313,6843.492188,5.416998705,193510.5781,0.1179145622,0.0383597101,50445.72656,-1.365858567,-0.695419374,14075,21,S3,0,0,0,0,1,0,0,0,0,0,0,0,0,8.1129792047,6.7713283761,1.7308467819,1.741114077
498433,TOPS,Small Town Living,15600000,51352,19523,41895,12.8,13.34,26.29,36.87,15.4,8.1,45.35,14.78,37.19,2.69,76100,37.1,93.45,3.8,0.53,1.26,1.5,3949 LOCKPORT OLCOTT RD,LOCKPORT NY,14094,3,4.290271536,5,3.6203630851,205683.1406,8707.894531,5.442651967,119824.6563,1.113697217,0.1858586608,18974.57813,-1.553466145,-0.456097685,14094,27,C2,0,1,0,0,0,0,0,0,0,0,0,0,0,8.5318137183,6.6888432559,1.7391434081,1.7533811681
540611,TOPS,Rural America,15600000,33207,11236,36165,12.5,9.42,21.98,39.6,19.43,9.57,40.94,13.36,41.46,4.24,60987,35.6,88.1,6.33,0.45,1.69,3.88,11200 MAPLE RIDGE RD,MEDI0 NY,14103,1,1.7162198173,4,0.5428569109,209872.7969,9832.075195,5.299161642,120471.9453,1.4410678148,-0.177742637,26171.18945,-0.40888121,0.0001599467,14103,42,T3,0,0,0,0,0,0,0,0,1,0,0,0,0,8.638420203,7.1105590956,1.718565633,1.7763590238
141516,TOPS,Small Town Living,10400000,28620,10153,40867,12.6,12.22,22.43,40.33,15.93,9.09,43.89,15.95,34.77,5.39,69441,36.9,88.91,5.43,0.28,1.92,3.74,HWY 219,SPRINGVILLE NY,14141,1,0.8230437285,2,0.4315950731,108536.3594,8119.671387,5.504932319,54973.30469,0.5597362786,0.6977553043,13720.07813,-0.944015403,0.1669693733,14141,42,T3,0,0,0,0,0,0,0,0,1,0,0,0,0,8.3206468782,6.935170102,1.7674144034,1.7846297325
854117,TOPS,Mid Down Suburbs,20800000,22808,9652,38413,12.8,12.57,24.79,40.69,14.75,7.2,53.39,14.63,31.2,0.78,79562,38.3,96.72,0.86,0.69,1.23,1.19,150 NIAGARA ST,TO0WANDA NY,14150,19,3.3655444827,18,3.2839588917,200054.7344,7867.687988,5.062212115,95014.71875,0.3461139892,-0.943811341,24171.54492,-1.162254014,-1.022792011,14150,49,S4,0,0,0,0,0,1,0,0,0,0,0,0,0,8.22560186,6.8537614224,1.6737729492,1.7240861921
1497392,TOPS,Mid Down Suburbs,15600000,16023,6854,42882,13.2,19.66,27.09,36.42,11.88,4.95,62.33,12.72,24.31,0.65,87520,41,95.9,0.84,1.9,2.32,0.94,890 YOUNG ST,TO0WANDA NY,14150,27,3.24791446,23,2.9817258713,191892.9063,7996.882813,5.127431919,93274.25781,0.4314332372,-0.882863585,26543.77734,-0.74528815,-1.03187067,14150,49,S4,0,0,0,0,0,1,0,0,0,0,0,0,0,8.264652195,7.0039433134,1.6774110085,1.72360982
460002,TOPS,Mid Down Suburbs,26000000,63128,28494,29582,13.4,24.44,21.81,24.97,17.45,11.32,62.36,17.44,19.54,0.67,96832,36.5,59.1,22.5,2.33,3.97,14.43,345 AMHERST ST,BUFFALO NY,14207,47,3.0490640952,23,2.6000820575,263158.4688,9152.302734,5.099071603,123624.2813,0.6698349814,-0.685539095,23577.30469,-1.512794897,-1.011714621,14207,61,U3,0,0,0,0,0,0,0,0,0,0,0,0,1,8.3663172707,6.7073117173,1.6890996128,1.7246671336
469737,TOPS,Inner City,41600000,40119,18021,35988,13.3,23.21,23.55,30.11,13.85,9.28,64.11,13.75,21.82,0.31,89508,38.1,86.54,6.77,1.06,2.06,4.63,2101 ELMWOOD AVE,BUFFALO NY,14207,49,3.1796953795,29,2.8896505236,358236.125,7539.911133,5.07361939,166164.5469,0.206680372,-0.98866466,41043.78125,-1.383746921,-0.86915542,14207,61,U3,0,0,0,0,0,0,0,0,0,0,0,0,1,8.1583067499,6.7637504249,1.6710871104,1.7321135295
919020,WEGMANS,Mid Down Suburbs,39000000,110838,49491,33428,13.4,24.78,22.78,26.63,15.78,10.03,63.37,15.6,20.46,0.56,93491,36.9,69.95,17.84,1.73,3.07,9.14,601 AMHERST ST,BUFFALO NY,14207,52,3.1021546534,25,2.6312916879,258782.75,5402.709961,5.233720176,59191.30078,-1.091634614,0.1410962692,55534.79688,-0.575230599,0.6762293846,14207,61,U3,0,0,0,0,0,0,0,0,0,0,0,0,1,7.1136908767,7.0592582742,1.7366328483,1.8094646651
261438,TOPS,Mid Down Suburbs,10400000,31253,13436,19818,12.2,6.58,17.91,33.96,25.97,15.58,42.53,24.15,32.7,0.61,41959,33.1,33.88,62.18,1.37,1.92,2.02,1770 BROADWAY ST,BUFFALO NY,14212,58,2.9403747192,35,3.4627100179,153922.1406,10406.30566,4.851426,60472.08984,0.5419066604,-1.243724345,8415.849609,-2.183813542,-0.657879257,14212,61,U3,0,0,0,0,0,0,0,0,0,0,0,0,1,8.3130506504,6.3479083551,1.655675328,1.7430482778
349877,WEGMANS,Mid Down Suburbs,36400000,116710,44473,51075,13.1,18.71,26.2,35.12,13.17,6.79,57.81,13.13,27.37,1.69,98572,38.4,94.42,2.32,0.5,0.88,2.39,3740 S MCKINLEY PKWY,BLASDELL NY,14219,15,3.0638824626,16,3.6105961174,232462.6719,4840.306641,5.357521446,61948.78906,-1.070232966,0.1196641834,56583.625,-0.470301084,0.9349487575,14219,46,S4,0,0,0,0,0,1,0,0,0,0,0,0,0,7.1436077677,7.0919227668,1.7354285654,1.82184917
17632,TOPS,Mid Down Suburbs,15600000,48472,21335,22169,12.2,7.22,20.75,30.58,24.95,16.49,44.67,22.47,32.16,0.7,49857,34.4,57.29,34.05,0.71,1.44,7.22,1460 S PARK AVE,BUFFALO NY,14220,39,3.190014021,22,2.9869366029,230356.5469,10696.6582,5.112894081,120514.6563,1.4101612011,-0.611807572,18235.38867,-1.435376223,-1.169032577,14220,46,S4,0,0,0,0,0,1,0,0,0,0,0,0,0,8.6288276759,6.7415513021,1.6934323068,1.7163849598
295560,TOPS,Affluent Elite,26000000,45249,17065,76997,14.8,40.55,26.47,22.11,6.87,4.01,79.97,7.88,11.85,0.31,160441,42.6,93.07,1.84,4.02,4.18,0.91,2351 MAPLE RD,AMHERST NY,14221,11,2.2305516399,11,2.9089873764,220566.2188,6061.382813,5.482693619,97424.02344,-0.2609468,0.112594505,32738.80273,-1.30241371,-0.536334726,14221,14,S2,0,0,0,1,0,0,0,0,0,0,0,0,0,7.8924396404,6.7977514308,1.7350309973,1.7492851437
808837,WEGMANS,Affluent Elite,35100000,70065,25243,73024,14,30.33,27.22,27.78,9.76,4.91,68.49,10.53,20.03,0.94,152404,38.7,93.5,2.28,2.77,3.03,1.19,8270 TRANSIT RD,WILLIAMSVILLE NY,14221,10,2.0400169475,8,2.2235432061,252421.2344,4870.808594,5.435976408,61599.14063,-1.098940407,0.2346714744,70498.27344,-0.093971987,0.3920334904,14221,14,S2,0,0,0,1,0,0,0,0,0,0,0,0,0,7.1032698597,7.2010088381,1.7418739762,1.7956814963
1465485,TOPS,Inner City,26000000,25680,11208,40801,13.4,22.64,26.89,32.95,11.09,6.43,65.42,12.66,21.53,0.4,92089,42.7,95.56,1.71,0.89,1.25,1.47,1740 SHERIDEN DR,BUFFALO NY,14223,38,3.3025203078,27,3.0207739727,247556.2656,6833.95459,5.104337076,119510.9844,0.0937111911,-1.042343957,33928.77734,-1.205691214,-0.764477453,14223,26,U1,0,0,0,0,0,0,0,0,0,0,1,0,0,8.1002549494,6.8367362999,1.6678632561,1.7375461575
798694,WEGMANS,Mid Down Suburbs,48100000,84460,33181,42969,12.7,13.91,25.05,36.48,15.44,9.12,57.41,14.82,27.22,0.55,86694,38.4,95.94,0.82,0.63,1.03,2.21,370 ORCHARD PARK RD,WEST SENECA NY,14224,26,3.2546192179,19,2.813119121,269430.2813,5673.937988,5.206768124,69301.10156,-0.975452791,-0.094532395,56047.97266,-0.485039905,0.8007899262,14224,39,S3,0,0,0,0,1,0,0,0,0,0,0,0,0,7.2662933181,7.087398488,1.7233123649,1.8154463382
867269,TOPS,Mid Down Suburbs,31200000,42542,17072,43188,12.8,14.73,25.54,36.01,15.38,8.35,58.09,14.97,26.39,0.56,88081,39.3,96.56,0.83,0.57,0.94,1.66,355 ORCHARD PARK RD,WEST SENECA NY,14224,28,3.3117798321,19,2.7629180988,336666.8125,7378.70752,5.264512447,181571.1094,0.4841445049,-0.531198685,34271.50781,-1.710781015,-0.606569482,14224,39,S3,0,0,0,0,1,0,0,0,0,0,0,0,0,8.288037401,6.6140129697,1.6981477542,1.7456859039
1521911,TOPS,Mid Down Suburbs,20800000,32264,13363,40473,12.5,8.96,23.78,37.81,18.2,11.25,55.02,13.42,30.83,0.73,84015,40.5,96.2,1.37,0.97,1.29,1.15,800 HARLEM RD,WEST SENECA NY,14224,42,3.3707271742,26,3.07622076,240671.5938,8620.546875,5.036232594,117951.4844,0.6220547346,-1.055321691,26115.02734,-1.213993218,-0.997985274,14224,39,S3,0,0,0,0,1,0,0,0,0,0,0,0,0,8.3467530359,6.8334490918,1.6670822809,1.7253866861
457253,WEGMANS,Mid Down Suburbs,35100000,74015,32316,30396,12.5,10.07,21.19,34.62,21.61,12.51,53.21,16.32,29.78,0.7,69757,39,66.01,30.81,1.23,1.62,1.56,2001 WALDEN AVE,CHEEKTOWAGA NY,14225,46,3.2840172925,26,3.0590802055,177084.25,6103.900879,5.110801426,41576.50391,-0.986557742,0.1316918564,32742.37891,-0.651855425,0.7234012928,14225,49,S4,0,0,0,0,0,1,0,0,0,0,0,0,0,7.2526732824,7.0347123583,1.7361045868,1.811734176
994719,TOPS,Inner City,15600000,38144,16328,27314,12.4,9.43,21,33.74,22.85,12.99,49.04,19.37,30.98,0.61,59174,36.5,46.63,50.33,0.87,1.32,1.71,700 THRUWAY PLAZA DR,CHEEKTOWAGA NY,14225,52,3.0360031198,29,3.2195036248,195139.7969,8974.171875,5.049787784,87897.42188,0.5162294727,-0.895022487,18215.10547,-1.469635354,-0.903049186,14225,49,S4,0,0,0,0,0,1,0,0,0,0,0,0,0,8.3020086061,6.7265440915,1.6766862822,1.7303481502
261430,TOPS,Inner City,20800000,44907,18273,43594,14.1,29.94,27.46,24.98,11.4,6.22,67.53,14.38,17.74,0.34,90117,35.8,52.31,41.34,3.3,3.78,2.57,3500 MAIN ST,AMHERST NY,14226,59,3.4029680801,35,3.4933616116,187553.9219,7038.322266,5.052543306,74824.23438,-0.186002386,-0.785485579,18861.2832,-1.817288779,-0.982793504,14226,21,S3,0,0,0,0,1,0,0,0,0,0,0,0,0,7.9400964702,6.5599722205,1.6831963139,1.7261822809
437614,TOPS,Mid Down Suburbs,36400000,56892,22508,49605,14.2,33.04,26.41,27.76,8.67,4.12,73.23,11.36,15,0.42,106295,40.4,89.29,4.2,4.81,5.06,1.45,3980 MAPLE RD,AMHERST NY,14226,31,3.3689304215,23,3.0826456786,275216.0938,6180.783203,5.35493984,119474.6328,-0.256753038,-0.197220012,38311.37109,-1.411542711,-0.874472356,14226,21,S3,0,0,0,0,1,0,0,0,0,0,0,0,0,7.8951672796,6.7518603014,1.7174512834,1.7318367994
953500,WEGMANS,Inner City,40300000,96523,39318,46531,14,30.97,26.96,28.36,9.21,4.5,71.11,11.91,16.6,0.38,99229,39.7,82.67,11.49,3.75,4.08,1.75,675 ALBERTA DR,BUFFALO NY,14226,34,3.375110537,23,2.9989587945,353922.0313,4913.860352,5.369075198,77244.53906,-1.180273486,0.4720840888,90366.875,-0.334631793,0.7798012352,14226,21,S3,0,0,0,0,1,0,0,0,0,0,0,0,0,6.9792694973,7.1326341406,1.755049443,1.814440918
17304,TOPS,Mid Down Suburbs,20800000,28166,10724,53850,13.6,24.55,29.88,31.15,10.04,4.37,64.04,13.39,21.8,0.77,109309,37.2,91.24,3.25,3.78,4.08,1.43,3035 NIAGARA FALLS BLVD,AMHERST NY,14228,14,3.2394113989,12,2.7256830267,226870.2344,7945.1875,5.380796222,105594.3047,0.3199808633,-0.030865812,30138.13867,-0.873657816,-0.679383707,14228,22,S3,0,0,0,0,1,0,0,0,0,0,0,0,0,8.2133292023,6.9600630121,1.7269290735,1.7419407496
524134,WEGMANS,Mid Down Suburbs,32500000,63832,25742,45878,13.3,19.3,28.12,35.02,11.5,6.06,59.06,14.01,26.01,0.91,93331,38.2,94.26,1.88,2.24,2.67,1.19,3135 NIAGARA FALLS BLVD,AMHERST NY,14228,14,3.2672447659,12,2.809188674,195959.5469,5284.592773,5.309173585,50787.24219,-1.017599695,0.420945372,43957.44141,-0.493298642,0.7484491345,14228,22,S3,0,0,0,0,1,0,0,0,0,0,0,0,0,7.2135863549,7.0848543808,1.7522260774,1.8129371747
425944,TOPS,Inner City,15600000,33001,14409,25623,12.7,11.9,20.97,34.11,20.64,12.39,50.67,21.09,27.96,0.28,59432,35,66.44,27.89,0.82,3.06,2.6,1000 PORTAGE RD,NIAGARA FALLS NY,14301,7,2.3813220565,12,2.2958756389,166354.0156,9189.692383,4.986834459,75134.09375,0.5839544923,-0.523104652,14092.66113,-1.620339023,-0.642376819,14301,60,C3,0,0,1,0,0,0,0,0,0,0,0,0,0,8.3308733787,6.6577152281,1.6986200117,1.7438459286
489338,TOPS,Mid Down Suburbs,36400000,55907,22368,42422,12.9,14.89,24.8,37.55,14.9,7.86,55.61,13.87,29.66,0.86,79581,39.7,92.78,3.77,0.89,2.45,1,7200 NIAGARA FALLS BLVD,NIAGARA FALLS NY,14304,8,3.3265897399,13,2.5578227228,308143.5625,7919.965332,5.355961314,151377.2813,0.4351594394,-0.066493086,35139.42188,-1.284639733,-0.577017299,14304,41,C2,0,1,0,0,0,0,0,0,0,0,0,0,0,8.2663233978,6.8050303117,1.7249068064,1.7472019096
961692,WEGMANS,Mid Down Suburbs,6500000,107399,43217,39105,12.9,14.82,24.71,36.33,15.51,8.63,54.05,15.29,29.66,1,80451,37.9,85.91,10.29,0.83,2.37,1.43,1577 MILITARY RD,NIAGARA FALLS NY,14304,7,2.8306763959,13,2.3741587036,181847.8281,5798.419922,5.148910477,50765.42969,-0.877040305,-0.335314296,39670.54297,-0.26916626,0.6217854077,14304,41,C2,0,1,0,0,0,0,0,0,0,0,0,0,0,7.3795175384,7.1517014555,1.7095147477,1.8068388652
860084,TOPS,Small Town Living,10400000,46134,16364,46376,13.4,23.83,27.51,31.95,11.44,5.27,57.89,12.86,26.51,2.74,106864,35.4,95.12,2.07,0.91,1.33,1.48,270 E MAIN ST,AVON NY,14414,0,10,1,0.0216333574,125325.2734,6862.576172,5.424052598,53676.52734,-0.120202641,-0.257592272,34499.1875,1.4079932917,1.5634258003,14414,23,T2,0,0,0,0,0,0,0,1,0,0,0,0,0,7.9801441514,7.5463464984,1.7139893239,1.8513096397
433329,WEGMANS,Small Town Living,44200000,37550,12902,45782,13.2,19.5,27.02,33.08,13.47,6.94,53.47,13.47,30.48,2.58,94612,34.2,90.56,5.07,0.77,1.23,3.14,6660 4TH SECTION RD RT 31,BROCKPORT NY,14420,3,2.1978198426,3,0.3506416988,263826.8438,5584.070801,5.35658201,71042.98438,-0.941520966,1.1028379838,81906.36719,0.9923039841,-0.750628749,14420,23,T2,0,0,0,0,0,0,0,1,0,0,0,0,0,7.3067965598,7.462073017,1.789233234,1.7382626787
469583,WEGMANS,Small Town Living,52000000,59184,22286,45238,13.2,19.25,28.73,32.69,13.37,5.97,54.45,13.14,28.6,3.81,102956,37.6,97.2,0.84,0.6,0.97,1,345 EASTERN BLVD,CANANDAIGUA NY,14424,4,1.8177787462,3,1.3880634998,317932.2813,5216.44043,5.483662254,73267.625,-1.110597916,1.7901777971,110621.5,1.2222693012,-0.510009763,14424,28,T2,0,0,0,0,0,0,0,1,0,0,0,0,0,7.0864133133,7.5095691455,1.8251996039,1.7506308581
18001,WEGMANS,Affluent Elite,28600000,20446,8006,66933,14.8,39.54,26.85,21.31,7.94,4.36,73.76,10.43,15.16,0.67,150454,39.7,94.28,1.61,2.33,2.55,1.57,851 FAIRPORT RD & MARSH,EAST ROCHESTER NY,14445,9,3.2470082479,2,2.2699707448,179657.2656,5461.490723,5.313964393,40386.48438,-1.098625059,1.3982149122,58872.05078,1.1390102321,-0.594373578,14445,27,C2,0,1,0,0,0,0,0,0,0,0,0,0,0,7.1037219234,7.49263251,1.80484816,1.7463118236
18008,WEGMANS,Affluent Elite,42900000,47475,17335,79598,15.1,42.85,29.29,20.06,5.35,2.45,76.46,8.09,14.34,1.11,162792,38.6,94.6,1.38,2.43,2.62,1.4,6600 PITTSFORD PALMYRA RD,FAIRPORT NY,14450,4,2.6821232689,5,3.4119720244,327993.2188,4484.503906,5.422960822,74136.57813,-1.218392948,1.0823212889,121206.9609,0.7751940656,-0.578013818,14450,15,S2,0,0,0,1,0,0,0,0,0,0,0,0,0,6.9153986618,7.415062146,1.7881395209,1.7471508264
580405,TOPS,Affluent Elite,15600000,64087,23635,78631,15.2,43.62,28.52,19.77,5.48,2.61,77,8.21,13.73,1.06,161193,38.6,94.24,1.49,2.64,2.84,1.43,6720 PITTSFORD PALMYRA RD,FAIRPORT NY,14450,4,2.7848238979,5,3.4023403778,128274.0625,4897.556152,5.474012917,49960.65625,-0.711907515,-0.243735514,36152.02734,0.0367936438,1.8167865862,14450,15,S2,0,0,0,1,0,0,0,0,0,0,0,0,0,7.5447145862,7.2362896871,1.7147849799,1.8629449792
487085,WEGMANS,Small Town Living,37700000,76115,27047,40364,12.9,17.13,24.03,35.97,15.45,7.43,50.47,13.77,31.32,4.44,87016,35.5,94.01,2.62,0.85,1.3,2.07,4276 LAKEVILLE RD,GENESEO NY,14454,1,3.4465195732,3,1.2134384488,242965.2969,6263.611816,5.330309582,60447.66406,-0.914590019,0.1410153708,84347.27344,2.2147352669,-0.653996878,14454,23,T2,0,0,0,0,0,0,0,1,0,0,0,0,0,7.3378147035,7.6920475944,1.7366283052,1.7432480985
464889,WEGMANS,Small Town Living,22100000,26186,10130,34259,13,17.47,22.81,36.08,14.86,8.79,54.04,16.42,26.33,3.22,77485,36.5,87.58,5.84,1.08,1.45,5.13,300 HAMILTON ST,GENEVA NY,14456,4,1.2352006754,4,0.8501020664,174534.8281,5658.311523,5.541733836,51943.32031,-0.83674467,1.6953026076,49465.74609,0.6438217339,-0.308758268,14456,41,C2,0,1,0,0,0,0,0,0,0,0,0,0,0,7.4224162386,7.3855042567,1.8203113675,1.7608592905
530498,TOPS,Small Town Living,15600000,75712,29133,37959,12.9,16.89,24.39,34.5,14.71,9.5,52.43,15.9,29.05,2.62,84520,37.5,91.69,3.86,0.7,1.12,3.33,HWY 5 & HWY 20,GENEVA NY,14456,4,1.6180441583,4,0.8567839191,151059.7969,7021.32373,5.995381589,87893.02344,0.54027825,2.6328373342,23106.32813,-0.82103442,1.5015250894,14456,41,C2,0,1,0,0,0,0,0,0,0,0,0,0,0,8.3123539892,6.9782846162,1.8675981918,1.8484462137
860087,TOPS,Small Town Living,15600000,35332,12477,47045,12.9,15.51,26.02,38.19,13.92,6.36,50.25,12.61,34.41,2.73,91149,33.9,92.13,4.06,0.55,1.07,2.75,1800 LAKE RD,HAMLIN NY,14464,1,0.1587016917,1,0.0621120812,143733.6406,7204.569824,5.367775659,63256.30859,0.0225426902,-0.224503741,36875.88281,1.2735427054,1.4098109351,14464,33,T2,0,0,0,0,0,0,0,1,0,0,0,0,0,8.0618737974,7.5198582841,1.7158882218,1.8441885353
860082,TOPS,Small Town Living,10400000,23141,8433,45655,12.9,14.72,29.11,35.83,14.25,6.09,48.91,12.05,34.9,4.15,86848,37.2,96.6,1.51,0.51,1.01,0.88,128 W MAIN ST,LE ROY NY,14482,1,0.4199040038,2,0.00423937,154516.7969,8451.381836,5.330323412,77824.92188,0.645099496,-0.308927402,28988.05664,0.5507732533,1.1669742269,14482,37,T2,0,0,0,0,0,0,0,1,0,0,0,0,0,8.3562368043,7.3640275203,1.7110361276,1.8328269091
18060,WEGMANS,Small Town Living,27300000,64721,24542,39468,12.6,12.88,22.33,37.7,15.83,11.26,46.22,13.64,36.38,3.76,76794,37.2,93.01,3.46,0.42,0.94,2.6,W MILLER & FINCH ST,NEWARK NY,14513,2,1.6126607939,3,1.0435330124,218718.7656,7176.976563,5.38103805,71697.39063,-0.455590244,1.5616091557,52865.15625,1.0038524926,-0.69352033,14513,48,T4,0,0,0,0,0,0,0,0,0,1,0,0,0,7.7568837384,7.4645127727,1.8133822911,1.7412120124
924107,TOPS,Small Town Living,15600000,42747,15567,53028,13,17.51,27.07,35.95,12.77,6.72,54.04,11.68,31.37,2.91,102371,36.1,93.94,2.91,1.03,1.43,1.73,6272 FUR0CE RD,ONTARIO NY,14519,1,4.8292653383,2,0.9485265927,160413.5469,7453.67334,5.34997015,69088.85938,0.0385887445,0.0420032944,38268.01953,1.0838619071,1.7732027026,14519,25,T1,0,0,0,0,0,0,1,0,0,0,0,0,0,8.0706569581,7.4812541601,1.7310525602,1.8609530498
18080,WEGMANS,Affluent Elite,48100000,36694,13786,62343,14.6,36.23,28.33,23.75,7.45,4.23,70.68,10.54,17.72,1.06,141737,37.2,92.7,2.1,3.3,3.53,1.67,2157 PENFIELD RD,PENFIELD NY,14526,5,3.1751342739,2,1.1534204448,316628.625,4912.340332,5.325917311,73532.53906,-1.14108696,1.155007584,107703.7188,0.8075722611,-0.797431636,14526,15,S2,0,0,0,1,0,0,0,0,0,0,0,0,0,7.0409343758,7.4222147708,1.7920089379,1.7358390663
518256,TOPS,Rural America,10400000,28736,9898,35651,12.4,10.91,20.41,38.55,20.92,9.21,41.49,16.09,34.51,7.91,63789,36.1,92.09,4.29,0.49,0.86,2.76,2382 ROUTE 19,WARSAW NY,14569,2,0.8074204694,3,0.1167808662,137106.1406,8276.516602,5.454045013,80255.55469,0.9847762229,-0.087158783,18671.79492,-0.692083915,0.6153537381,14569,48,T4,0,0,0,0,0,0,0,0,0,1,0,0,0,8.4865004878,7.0215802965,1.7237319081,1.8065282138
18120,WEGMANS,Affluent Elite,41600000,33765,13908,56537,13.7,26.99,27.25,28.77,10.97,6.01,70.29,9.33,20.02,0.37,120502,41.5,92.27,3.58,1.78,2.01,2.14,1955 EMPIRE BLVD,WEBSTER NY,14580,18,3.5860031877,10,3.1007853535,262291.25,4929.78125,5.230117284,58798.04297,-1.166717237,0.9473087447,87869.24219,0.7643344757,-0.876842978,14580,15,S2,0,0,0,1,0,0,0,0,0,0,0,0,0,7.0010348121,7.4126516653,1.7809122211,1.7317133911
422386,TOPS,Affluent Elite,10400000,47470,19027,56789,13.6,26.89,27.41,29.99,10.64,5.08,68.93,9.67,20.73,0.67,120346,40.3,93.67,2.38,1.85,2.11,1.85,1854 EMPIRE BLVD,WEBSTER NY,14580,18,3.592962382,10,3.1216550942,114594.9063,5770.709473,5.339978844,44359.84375,-0.524988204,-0.333562791,30241.81836,0.4180174461,2.1590830638,14580,15,S2,0,0,0,1,0,0,0,0,0,0,0,0,0,7.7037362017,7.332564627,1.7096158053,1.8784526353
425901,WEGMANS,Small Town Living,40300000,51863,18901,62793,13.7,26.61,28.48,30.66,10.08,4.17,63.84,10.77,23.8,1.59,125954,36.7,94.36,2.06,1.64,1.98,1.59,900 HOLT RD,WEBSTER NY,14580,4,2.1115042452,4,1.4308735785,305161.2188,5384.617188,5.270068823,77092.63281,-1.020013255,1.0483506029,99136.17969,1.0307627662,-0.932911752,14580,15,S2,0,0,0,1,0,0,0,0,0,0,0,0,0,7.210482298,7.4701748891,1.7863259624,1.7287901518
932476,TOPS,Inner City,5200000,25006,10350,20191,12.1,12.79,15.61,24.36,27.69,19.55,42.38,28.67,28.54,0.41,63816,29.2,19.06,53,2.07,2.73,25.22,285 UPPER FALLS BLVD,ROCHESTER NY,14605,36,2.4317499933,19,2.7655999896,87478.63281,10441.6582,4.66183769,29489.77344,0.2196554252,-0.227663788,11353.46484,-0.047518032,0.8525572392,14605,66,U3,0,0,0,0,0,0,0,0,0,0,0,0,1,8.1647635483,7.2136852465,1.7157070273,1.8179218323
18270,WEGMANS,Mid Down Suburbs,29900000,27053,10890,41573,12.5,10.4,22.66,36.21,19.84,10.89,50.44,13.39,35.88,0.28,89624,36.8,68.33,20.77,3.43,3.97,6.93,2301 LYELL AVE,ROCHESTER NY,14606,29,3.5689258525,17,3.1708243311,267718.3125,6559.362793,5.090015088,63485.32422,-0.916717497,0.4614160233,77949.42188,1.4897820256,-0.88008489,14606,46,S4,0,0,0,0,0,1,0,0,0,0,0,0,0,7.3353990443,7.5621231185,1.7544611174,1.7315446011
18346,WEGMANS,Inner City,32500000,59514,28617,38592,14.4,36.67,23.56,20.16,12.6,7.02,68.55,13.73,17.36,0.36,118016,36.1,66.48,22.27,2.32,2.92,8.33,1750 EAST AVE,ROCHESTER NY,14610,36,3.4258000953,14,3.5009237289,220115.7656,4916.936035,5.331485442,47812.28516,-1.185324794,1.5439098037,76800.57813,0.9275389729,-0.442344637,14610,21,S3,0,0,0,0,1,0,0,0,0,0,0,0,0,6.9710366396,7.4482792584,1.8124613581,1.7540815668
246806,TOPS,Inner City,10400000,40907,18869,40756,14.2,33.58,25.06,22.83,12.56,5.98,67.68,13.06,18.99,0.28,110110,36,67.12,23.43,1.65,2.23,7.22,175 WINTON RD N,ROCHESTER NY,14610,36,3.421623199,15,3.5723999898,97215.00781,6615.314453,4.978163656,34908.75391,-0.436920444,-0.298834048,19273.71289,-0.169406954,1.459628864,14610,21,S3,0,0,0,0,1,0,0,0,0,0,0,0,0,7.7707123964,7.1800754524,1.7116174651,1.8465034993
957568,TOPS,Inner City,10400000,42079,16420,32186,12.6,14.36,21.4,29.07,22.92,12.25,47.61,20.69,31.12,0.58,72761,31.4,25.92,64.07,2.03,2.78,7.24,450 WEST AVE,ROCHESTER NY,14611,40,3.2500037445,25,3.5268066206,108927.6094,9482.053711,4.830086839,43538.96484,0.3820805926,-0.426268653,14137.4209,-0.394742126,1.4039406794,14611,66,U3,0,0,0,0,0,0,0,0,0,0,0,0,1,8.242249947,7.1148005113,1.7042528132,1.8439154001
370814,WEGMANS,Affluent Elite,48100000,43358,14953,65313,13.1,19.4,29.9,35.8,10.33,4.58,59.81,10.63,28.24,1.33,129664,34.9,94.54,2.11,1.24,1.58,1.77,3177 LATTA RD,ROCHESTER NY,14612,8,2.7760417102,9,3.161335952,298222.7813,5349.596191,5.207745594,64243.78125,-1.139725867,1.1739364431,99878.99219,1.1501851072,-0.835459403,14612,30,S3,0,0,0,0,1,0,0,0,0,0,0,0,0,7.0430093693,7.4949224487,1.7930141534,1.7338655249
18359,WEGMANS,Inner City,16900000,35103,13797,25073,12.2,8.03,20.84,31.71,25.93,13.5,43.73,19.54,36.13,0.6,70465,28.8,32.96,40.68,3.22,4.13,22.22,375 DRIVING PARK AVE,ROCHESTER NY,14613,43,3.1600596462,25,3.2165258901,135291.5625,9393.953125,4.722506716,35106.39453,-0.410304915,0.5649052263,22322.64844,0.4885955013,-0.647302619,14613,65,U3,0,0,0,0,0,0,0,0,0,0,0,0,1,7.7901015567,7.3494146592,1.7601538155,1.7435925491
18360,TOPS,Mid Down Suburbs,10400000,35563,14535,27651,12.4,9.82,21.93,32,24.25,12,47.43,17.43,34.73,0.41,73348,30.5,38.45,36.77,3.45,4.34,20.44,710 LAKE AVE,ROCHESTER NY,14613,41,2.9184391717,24,3.121200428,113509.2109,8064.310059,4.693671404,41001.26563,-0.127883574,-0.386545599,16269.72363,-0.597089685,0.7601368173,14613,65,U3,0,0,0,0,0,0,0,0,0,0,0,0,1,7.9755511462,7.052317164,1.7065542964,1.8134980164
18371,WEGMANS,Mid Down Suburbs,28600000,21288,8996,45630,12.9,17.19,26.56,37.74,12.92,5.6,59.56,11.29,28.77,0.38,99233,38.6,88.45,5.35,1.76,2.15,4.05,3737 MT READ BLVD,ROCHESTER NY,14616,23,3.2892127449,17,2.997664603,197191.8281,6569.861328,5.097488748,45332.53516,-0.936577343,0.7606642563,57698.03516,1.5000929347,-0.961421853,14616,39,S3,0,0,0,0,1,0,0,0,0,0,0,0,0,7.3125630257,7.5640944876,1.7708342288,1.7273004463
234389,WEGMANS,Mid Down Suburbs,44200000,31062,13037,45526,13.1,19.15,27.36,35.6,12.46,5.43,60.97,10.93,27.74,0.37,97948,38.9,91.59,3.88,1.13,1.57,2.97,3660 DEWEY AVE & BRITTON RD,ROCHESTER NY,14616,22,3.5053074073,17,3.2635082681,293855.7188,6785.981934,5.141962632,68372.72656,-0.900256603,0.8761639216,86133.84375,1.6892300249,-0.99088398,14616,39,S3,0,0,0,0,1,0,0,0,0,0,0,0,0,7.3539393293,7.5995832302,1.7770826786,1.7257586604
518273,TOPS,Mid Down Suburbs,26000000,62270,25782,46905,13,17.61,27.05,37.3,12.74,5.3,60.19,10.96,28.49,0.37,98638,38,88.54,5.57,1.59,2,3.88,3507 MT READ BLVD,GREECE NY,14616,24,3.2810758646,17,2.9340347112,217189,6113.074219,5.207805184,82474.0625,-0.473881962,-0.055800638,51040.1875,0.180955071,1.7589215726,14616,39,S3,0,0,0,0,1,0,0,0,0,0,0,0,0,7.7431470936,7.2737944447,1.7255141583,1.8602994904
18381,WEGMANS,Inner City,42900000,50506,20875,37579,12.9,17.93,21.93,29.57,19.29,11.28,57.43,15.45,26.59,0.53,94576,36.7,57.41,25.47,1.73,2.21,14.91,525 TITUS AVE,ROCHESTER NY,14617,29,2.893802069,18,2.7790897105,299651.4375,5621.036621,5.121234401,65610.69531,-1.094841374,1.1439429986,83543.11719,0.5323000807,-0.613998456,14617,21,S3,0,0,0,0,1,0,0,0,0,0,0,0,0,7.1091301056,7.3597082535,1.7914208857,1.7453044412
18240,WEGMANS,Affluent Elite,39000000,28484,11234,83415,15.8,56.48,22.17,14.44,4.87,2.03,85.17,6.76,7.66,0.41,189513,41.7,91,2.16,5.09,5.28,1.56,3195 MONROE AVE,ROCHESTER NY,14618,18,3.8994139849,9,4.2339814418,365161.0625,3883.384033,5.554289143,71312.14844,-1.362557134,1.6347416211,140015.2813,0.3129659279,-0.343767655,14618,15,S2,0,0,0,1,0,0,0,0,0,0,0,0,0,6.6284703873,7.3069464336,1.8171785543,1.7590874689
295585,TOPS,Inner City,20800000,45093,20153,42726,14.9,42.65,22.89,17.66,10.36,6.44,73.38,12.8,13.41,0.42,124897,37.6,71.5,17.86,6.09,6.68,3.97,1900 CLINTON AVE S,ROCHESTER NY,14618,33,3.3333861339,16,3.3162678919,151811.5313,5066.837891,5.272242371,49643.49219,-0.847304554,-0.291233077,43194.97656,0.18321113,1.4584954841,14618,15,S2,0,0,0,1,0,0,0,0,0,0,0,0,0,7.4113509229,7.2743703408,1.7120550282,1.8464508924
18401,WEGMANS,Inner City,14300000,34135,13729,34278,14,31.21,22.35,20.74,15.65,10.05,64.31,18.07,17.18,0.44,99214,34.1,48.46,40.91,5.74,6.36,4.26,1411 MT HOPE AVE,ROCHESTER NY,14620,35,3.2499160635,17,3.0939605135,78540.53125,8438.543945,5.006714288,18626.51758,-0.657564476,1.1356669605,21064.99414,2.407489347,-1.033017128,14620,31,U2,0,0,0,0,0,0,0,0,0,0,0,1,0,7.5936106186,7.7239288859,1.790980811,1.7235496473
147583,TOPS,Inner City,15600000,64248,27014,41019,13.1,18.72,22.9,29.82,17.77,10.79,60.56,13.59,25.25,0.6,97976,40.5,67.98,18.65,1.43,1.83,11.54,1455 RIDGE RD E,ROCHESTER NY,14621,33,2.9160483026,18,2.8778600882,181960.8906,7632.286133,4.79465256,66955.46875,-0.188536652,-0.557967027,27201.70117,-0.635803082,1.6417713785,14621,59,U3,0,0,0,0,0,0,0,0,0,0,0,0,1,7.9385214994,7.039904675,1.6965843281,1.854922062
268271,WEGMANS,Inner City,33800000,38831,16259,39525,12.8,15.13,23.65,31.59,18.6,11.04,56.66,14.84,28.03,0.48,92418,39.5,65.33,21.61,1.35,1.81,11.25,2200 RIDGE RD E,ROCHESTER NY,14622,30,3.2142593861,14,2.8416538585,237911.3906,5821.291504,5.101974613,53456.96484,-1.052105644,0.9164239065,67947.17188,0.7995084623,-0.989194642,14622,49,S4,0,0,0,0,0,1,0,0,0,0,0,0,0,7.1682657378,7.4204381859,1.7792515709,1.7258471296
18430,WEGMANS,Small Town Living,37700000,29001,10577,76753,14.5,36.4,29.55,23.64,7.74,2.68,73.02,8.44,17.63,0.91,147173,38.1,88.29,5.25,3.98,4.36,2.11,2599 E HENRIETTA RD,ROCHESTER NY,14623,11,3.1898235251,7,2.3280866898,232061.9531,6329.224609,5.174979607,52601.75,-0.979311042,1.2079685023,69471.23438,1.4332943204,-1.004914191,14623,22,S3,0,0,0,0,1,0,0,0,0,0,0,0,0,7.2615822382,7.5512535771,1.7948188856,1.7250236075
234395,WEGMANS,Mid Down Suburbs,48100000,31118,11254,49023,14.1,31.82,28.41,25.17,10.31,4.29,68.06,12.84,18.07,1.04,107690,33.3,77.85,8.37,9.71,10.16,3.62,650 HYLAN DR,ROCHESTER NY,14623,15,3.046286295,10,2.2368392292,276222.4063,5776.346191,5.328886584,64338.15625,-1.030945128,1.2958022444,91552.19531,1.4809487466,-0.610961735,14623,22,S3,0,0,0,0,1,0,0,0,0,0,0,0,0,7.1963009924,7.560431165,1.7994617447,1.7454603882
361214,TOPS,Small Town Living,20800000,69316,25588,65411,14.5,37.45,27.68,22.86,8.8,3.21,72.27,10.29,16.6,0.84,138506,36,81.52,8.17,7.13,7.54,2.78,1100 JEFFERSON RD,ROCHESTER NY,14623,18,3.2871406488,11,2.7662032557,162941.7969,6075.147949,5.347328873,62893.36328,-0.456578857,-0.280597084,42775.98047,0.6018997901,1.7836791598,14623,22,S3,0,0,0,0,1,0,0,0,0,0,0,0,0,7.7561461176,7.3758852058,1.7126669863,1.8614322214
18439,TOPS,Affluent Elite,15600000,73196,26908,58686,13.1,18.81,28.12,33.67,13.94,5.46,59.11,10.27,29.78,0.84,108553,37.7,90.39,5.54,1.73,2,2.07,2345 BUFFALO RD,ROCHESTER NY,14624,20,3.3928724459,15,3.277066626,128986.6719,6012.039063,5.284871123,53307.30859,-0.380347006,-0.312459188,29962.98047,0.0628200601,1.994216314,14624,15,S2,0,0,0,1,0,0,0,0,0,0,0,0,0,7.8114851278,7.2431655505,1.7108326307,1.871013403
198662,WEGMANS,Inner City,29900000,32265,12565,41251,12.9,18.27,23.8,30.57,19.02,8.34,53.94,16.81,28.75,0.52,85440,34.5,41.11,52.15,1.63,2.22,4.53,1885 CHILI AVE,ROCHESTER NY,14624,28,3.5257124607,18,3.3420307288,158641,7759.830078,5.064725544,42611.38281,-0.633044077,0.9370555671,39410.02734,1.6043600543,-0.766865471,14624,15,S2,0,0,0,1,0,0,0,0,0,0,0,0,0,7.6149140062,7.5838142299,1.7803612227,1.7374225514
517192,WEGMANS,Small Town Living,52000000,30308,10842,60849,13.3,22,30.47,31.42,12.03,4.08,59.96,10.24,28.25,1.55,111077,36.2,93.29,3.71,1.16,1.5,1.49,3175 CHILI AVE,ROCHESTER NY,14624,10,3.1811705412,6,1.9488645775,345424.6875,5804.696777,5.249035653,79699.80469,-1.037054923,0.8090313637,105440.4375,1.0994812691,-0.840605823,14624,15,S2,0,0,0,1,0,0,0,0,0,0,0,0,0,7.1882866017,7.4844899517,1.7734556081,1.7335981398
508168,TOPS,Affluent Elite,20800000,50710,19966,63157,14.9,41.11,25.71,21.07,7.5,4.61,74.59,10.36,14.27,0.77,156252,39.7,92.89,2.08,3.17,3.39,1.65,1601 PENFIELD RD,ROCHESTER NY,14625,11,3.3007791867,6,3.6367727153,164774.7969,5117.577637,5.402432316,58715.73047,-0.755627937,-0.00157167,45399.97656,0.1011654618,1.7450283009,14625,14,S2,0,0,0,1,0,0,0,0,0,0,0,0,0,7.5035636119,7.2532105719,1.7285888026,1.8596632707
18456,WEGMANS,Affluent Elite,48100000,43332,16042,57492,13,19.57,27.46,34.74,12.52,5.71,62.67,10.27,26.33,0.73,116279,37.5,92,3.19,1.79,2.11,2.71,2833 RIDGE RD W,ROCHESTER NY,14626,17,3.4542359616,13,2.616420297,284246.7188,5994.633789,5.178400146,60894.44141,-1.067355697,1.2145486289,89219.21094,1.3956083319,-0.789389967,14626,39,S3,0,0,0,0,1,0,0,0,0,0,0,0,0,7.1475624403,7.5439356559,1.7951674566,1.7362559094
477920,TOPS,Affluent Elite,15600000,57459,20326,62876,13.1,20.04,28.7,34.44,11.53,5.3,62.08,10.27,26.62,1.03,127578,36.1,93.54,2.45,1.6,1.92,2.09,3740 W RIDGE RD,ROCHESTER NY,14626,14,3.290113986,11,2.3456077128,146936.5938,5950.017578,5.37488768,59150.83203,-0.432716459,0.0623859312,36350.32422,0.2832336741,2.0645150081,14626,39,S3,0,0,0,0,1,0,0,0,0,0,0,0,0,7.773800071,7.2995750589,1.7322029277,1.87419224
552712,WEGMANS,Rural America,35100000,45357,17931,36477,12.8,15,24.39,36.45,16.69,7.48,50.42,14.49,31.66,3.43,71301,38.3,96.36,1.29,0.43,0.81,1.54,945 FARIMONT AVE,JAMESTOWN NY,14701,9,2.5613944267,8,2.1414259151,163887.5,5373.72168,5.551123484,56254.00391,-0.749284431,0.7792419495,39383.89844,-0.190795268,1.787407843,14701,60,C3,0,0,1,0,0,0,0,0,0,0,0,0,0,7.5096403619,7.1740595254,1.7718419075,1.8616027083
867270,TOPS,Inner City,10400000,50172,20079,31565,12.7,12.55,23.84,34.92,18.53,10.16,47.38,16.41,32.86,3.34,59566,36.5,92.76,2.5,0.5,1.26,3.48,2000 WASHINGTON ST,JAMESTOWN NY,14701,11,2.1133118497,8,1.9231153183,173616.9375,10640.65625,5.029003507,110377.625,2.0721750015,-1.559364193,17481.69531,-0.836438953,1.4628503488,14701,60,C3,0,0,1,0,0,0,0,0,0,0,0,0,0,8.8165170973,6.972984861,1.6362682036,1.8466530125
541099,TOPS,Rural America,20800000,51243,19343,31624,12.8,14.94,22.06,40.47,14.69,7.84,51.34,16.99,29.83,1.84,56902,36,94.68,1.62,0.75,2.7,1,2401 W STATE ST,OLEAN NY,14760,7,1.6462487152,8,0.9987358585,168930.0469,6465.003906,5.435271608,97121.44531,0.3305212124,-0.19898773,25748.96289,-1.056158507,1.6156497675,14760,62,C3,0,0,1,0,0,0,0,0,0,0,0,0,0,8.2182973065,6.8941659864,1.7173500863,1.8537190749
579524,TOPS,Rural America,15600000,40055,14905,36396,12.7,12.58,22.62,38.12,16.95,9.74,44.43,15.56,34.05,5.96,66078,36.9,97.35,1.01,0.51,0.94,0.7,309 W MORRIS ST,BATH NY,14810,1,0.2582881593,2,0.2119692882,154121.6094,7774.073242,5.429843296,86971.08594,0.7126189516,0.2147449932,26143.26172,-0.139106788,1.4667445683,14810,38,T3,0,0,0,0,0,0,0,0,1,0,0,0,0,8.3835166989,7.1885365506,1.7407601978,1.8468337184
288582,WEGMANS,Small Town Living,40300000,47954,18935,42966,13.1,17.97,25.12,34.05,15.34,7.53,54.2,13.52,30.45,1.84,80609,37.7,95.14,2.09,1.51,1.86,0.92,1 BRIDGE ST,CORNING NY,14830,3,1.9981658713,4,2.5113671323,206753.9219,5321.510742,5.375363572,64011,-0.867683841,1.5138092432,55320.87109,0.1694834765,-0.54465841,14830,48,T4,0,0,0,0,0,0,0,0,0,1,0,0,0,7.389643722,7.2708609905,1.8108932149,1.7488592655
559547,WEGMANS,Rural America,31200000,45297,16051,36480,12.8,14.23,23.07,39.25,15.75,7.71,48.56,15.92,30.72,4.79,57585,34.7,95.97,1.61,0.83,1.26,1.16,1000 HWY 36 N & HWY 21,HORNELL NY,14843,3,2.6301396036,4,0.542818178,151240.8438,6141.700195,5.3744861,41163.58203,-0.844800045,0.843126248,51424.05469,1.9758527932,-0.646123145,14843,48,T4,0,0,0,0,0,0,0,0,0,1,0,0,0,7.413986404,7.6510719967,1.7752993471,1.7436532262
349874,WEGMANS,Small Town Living,46800000,92351,32921,39067,14.3,39.16,22.17,25.13,9.76,3.78,65.76,14.52,16.97,2.75,131511,34.2,86.39,3.4,6.77,7.31,2.9,500 S MEADOW ST,ITHACA NY,14850,9,1.6835560728,4,2.2649262231,278859.9063,3982.320313,5.405028533,59473.8125,-1.311464124,0.9983766331,90587.35938,-0.222686447,-0.29554368,14850,48,T4,0,0,0,0,0,0,0,0,0,1,0,0,0,6.7398150431,7.1650216853,1.7836520605,1.7615272642
1489885,TOPS,Small Town Living,10400000,32824,11168,45729,14.9,50.97,19.97,19.34,7.3,2.42,72.58,11.64,13.56,2.22,176365,34.4,79.12,4.16,12.38,12.83,3.89,2300 N TRIPHAMMER RD,ITHACA NY,14850,9,2.7183170814,4,1.7162958936,102994.6641,5750.457031,5.406374739,43968.48438,-0.392200697,0.2116982366,24590.92188,-0.018356007,0.7799710514,14850,48,T4,0,0,0,0,0,0,0,0,0,1,0,0,0,7.8030787015,7.2215616869,1.7405897918,1.8144490568
549597,TOPS,Rural America,10400000,35286,12407,35162,12.9,15.59,22.56,38.61,15.55,7.68,50.53,16.11,29.03,4.32,52667,33.9,96.79,1.06,0.94,1.36,0.8,111 BOLIVAR RD,WELLSVILLE NY,14895,2,1.3998696374,3,1.1491221182,115791.75,7386.795898,5.659544506,68458.85156,0.7074277542,0.9359798691,15932.57422,-0.980205858,1.5106233434,14895,58,T4,0,0,0,0,0,0,0,0,0,1,0,0,0,8.3814455053,6.9221202352,1.7803033978,1.8488675984
582603,WEGMANS,Inner City,23400000,67976,25925,35869,13,14.49,24.57,36.93,16.46,7.56,55.06,18.21,25.78,0.95,74553,36.9,88.63,7.84,0.89,1.32,2.2,1100 CLEMENS CENTER PKWY,ELMIRA NY,14901,9,2.7035733862,10,2.8371656939,159103.3906,5960.268555,5.259021723,51728.12109,-0.693819821,0.8970348965,41044.59375,0.4626174877,-0.889311592,14901,60,C3,0,0,1,0,0,0,0,0,0,0,0,0,0,7.5612561627,7.343245555,1.7782076303,1.7310640575
508169,TOPS,Small Town Living,15600000,55936,20798,43631,13.1,17.69,25.59,35.34,14.23,7.15,56.68,15.41,26.33,1.58,84583,38.5,93.65,3.44,1.18,1.54,1.37,830 COUNTY RD 64,ELMIRA NY,14903,7,2.9715336629,8,2.4681870955,128631.7656,6272.475586,5.467812492,71646.82813,0.204466635,0.213075635,22202.05078,-0.785628695,1.1015061469,14903,43,T3,0,0,0,0,0,0,0,0,1,0,0,0,0,8.1572009487,6.9903601314,1.7406668337,1.8297416259
804172,TOPS,Inner City,15600000,52852,20360,33809,12.9,12.9,23.08,39.17,17.07,7.77,51.81,18.19,27.74,2.26,69375,36.3,89.7,7.39,0.51,0.96,1.95,299 S MAIN ST,ELMIRA NY,14904,6,2.1176690002,7,2.179861712,206178.6875,8468.113281,5.203168732,113855.5938,0.8893087103,-0.378747942,30095.88086,-0.415891074,1.0934158748,14904,62,C3,0,0,1,0,0,0,0,0,0,0,0,0,0,8.4515706455,7.1084496006,1.7070054576,1.8293596978
